control,N,time
control,1000,4,0.547677
control,1000,4,0.465794
control,1000,4,0.496108
control,1000,4,0.451985
